﻿{"cameraMode":{"drawMode":0,"name":"Shaded","section":"Shading Mode"},"sceneLighting":true,"audioPlay":false,"sceneViewState":{"showFog":true,"showMaterialUpdate":false,"showSkybox":true,"showFlares":true,"showImageEffects":true,"showParticleSystems":true},"in2DMode":false,"pivot":{"x":14.244478225708008,"y":5.68075704574585,"z":-60.420040130615237},"rotation":{"x":-0.00023824853997211903,"y":0.9968370795249939,"z":0.0029905205592513086,"w":0.0794159397482872},"size":88.17401123046875,"orthographic":false}